command_ev_samplingTime_diff,Matching_accuracy
0,0.6333333333333333
1,0.12
2,0.06
3,0.10666666666666667
4,0.1
5,0.07
6,0.06
7,0.03
8,0.78
9,0.59
10,0.5666666666666667
11,0.5766666666666667
12,0.5033333333333333
13,0.94
14,0.9166666666666666
15,0.8766666666666667
16,0.8566666666666667
17,0.8633333333333333
18,0.9666666666666667
19,0.9666666666666667
20,0.9466666666666667
21,0.9466666666666667
22,0.9666666666666667
23,0.9933333333333333
24,1.0
25,1.0
26,1.0
27,1.0
28,1.0
29,1.0
