command_ev_samplingTime_diff,Matching_accuracy
0,1.0
1,1.0
2,1.0
3,1.0
4,1.0
5,1.0
6,1.0
7,1.0
8,1.0
9,1.0
10,1.0
11,1.0
12,1.0
13,0.99
14,0.99
15,0.94
16,0.8633333333333333
17,0.75
18,0.98
19,0.9633333333333334
20,0.9133333333333333
21,0.89
22,0.8233333333333334
23,0.9666666666666667
24,0.98
25,0.9566666666666667
26,0.9666666666666667
27,0.9466666666666667
28,0.9933333333333333
29,1.0
