command_ev_samplingTime_diff,Matching_accuracy
0,0.24
1,0.14
2,0.11666666666666667
3,0.08
4,0.07
5,0.043333333333333335
6,0.03
7,0.043333333333333335
8,0.4266666666666667
9,0.3433333333333333
10,0.28
11,0.22333333333333333
12,0.18666666666666668
13,0.6466666666666666
14,0.5333333333333333
15,0.4633333333333333
16,0.35333333333333333
17,0.3433333333333333
18,0.8566666666666667
19,0.8266666666666667
20,0.8266666666666667
21,0.8266666666666667
22,0.8266666666666667
23,1.0
24,1.0
25,1.0
26,1.0
27,1.0
28,1.0
29,1.0
