command_ev_samplingTime_diff,Matching_accuracy
0,0.9033333333333333
1,0.7933333333333333
2,0.7866666666666666
3,0.9866666666666667
4,0.9633333333333334
5,0.9666666666666667
6,0.98
7,0.9333333333333333
8,0.9533333333333334
9,0.9333333333333333
10,0.92
11,0.91
12,0.8866666666666667
13,0.9733333333333334
14,0.9666666666666667
15,0.9533333333333334
16,0.9533333333333334
17,0.9666666666666667
18,0.9933333333333333
19,1.0
20,1.0
21,1.0
22,1.0
23,1.0
24,1.0
25,1.0
26,1.0
27,1.0
28,1.0
29,1.0
