command_ev_samplingTime_diff,Matching_accuracy
0,0.9933333333333333
1,0.98
2,0.9866666666666667
3,0.9933333333333333
4,1.0
5,1.0
6,1.0
7,1.0
8,1.0
9,1.0
10,1.0
11,1.0
12,1.0
13,1.0
14,1.0
15,1.0
16,1.0
17,1.0
18,1.0
19,1.0
20,1.0
21,1.0
22,0.99
23,0.9833333333333333
24,0.9466666666666667
25,0.95
26,0.92
27,0.9466666666666667
28,0.9933333333333333
29,0.9933333333333333
