command_ev_samplingTime_diff,Matching_accuracy
0,1.0
1,0.6966666666666667
2,0.3466666666666667
3,0.31
4,0.25333333333333335
5,0.29
6,0.2
7,0.18
8,0.9666666666666667
9,0.96
10,0.9866666666666667
11,0.9566666666666667
12,0.92
13,0.9866666666666667
14,0.98
15,0.98
16,0.9866666666666667
17,0.9933333333333333
18,0.9933333333333333
19,0.9933333333333333
20,0.9833333333333333
21,0.9933333333333333
22,0.9933333333333333
23,1.0
24,1.0
25,1.0
26,1.0
27,1.0
28,1.0
29,1.0
