command_ev_samplingTime_diff,Matching_accuracy
0,0.07333333333333333
1,0.12
2,0.14666666666666667
3,0.5066666666666667
4,0.41333333333333333
5,0.29
6,0.25
7,0.23333333333333334
8,0.7366666666666667
9,0.68
10,0.26666666666666666
11,0.17666666666666667
12,0.12
13,0.17666666666666667
14,0.19666666666666666
15,0.17
16,0.18
17,0.18
18,0.7166666666666667
19,0.58
20,0.2633333333333333
21,0.14666666666666667
22,0.08666666666666667
23,0.13333333333333333
24,0.11333333333333333
25,0.10333333333333333
26,0.09333333333333334
27,0.09333333333333334
28,0.63
29,0.55
