command_ev_samplingTime_diff,Matching_accuracy
0,0.45666666666666667
1,0.26
2,0.20666666666666667
3,0.2633333333333333
4,0.22
5,0.22
6,0.20333333333333334
7,0.20666666666666667
8,0.8633333333333333
9,0.7533333333333333
10,0.6933333333333334
11,0.6333333333333333
12,0.5933333333333334
13,0.9666666666666667
14,0.93
15,0.68
16,0.35333333333333333
17,0.29
18,0.4033333333333333
19,0.37
20,0.3233333333333333
21,0.35
22,0.31666666666666665
23,0.9666666666666667
24,0.9333333333333333
25,0.8833333333333333
26,0.7833333333333333
27,0.7366666666666667
28,0.96
29,0.96
