command_ev_samplingTime_diff,Matching_accuracy
0,0.9866666666666667
1,0.9933333333333333
2,0.96
3,0.96
4,0.9333333333333333
5,0.92
6,0.91
7,0.91
8,0.9733333333333334
9,0.9733333333333334
10,0.4766666666666667
11,0.37333333333333335
12,0.3233333333333333
13,0.3933333333333333
14,0.3566666666666667
15,0.37
16,0.35333333333333333
17,0.3433333333333333
18,0.95
19,0.9066666666666666
20,0.6066666666666667
21,0.43333333333333335
22,0.24666666666666667
23,0.35
24,0.33666666666666667
25,0.2966666666666667
26,0.2633333333333333
27,0.25666666666666665
28,0.94
29,0.9033333333333333
