command_ev_samplingTime_diff,Matching_accuracy
0,0.45666666666666667
1,0.06
2,0.01
3,0.013333333333333334
4,0.0033333333333333335
5,0.006666666666666667
6,0.0033333333333333335
7,0.0033333333333333335
8,0.7266666666666667
9,0.51
10,0.38333333333333336
11,0.2733333333333333
12,0.24
13,0.9866666666666667
14,0.9666666666666667
15,0.8466666666666667
16,0.84
17,0.6933333333333334
18,1.0
19,1.0
20,1.0
21,1.0
22,1.0
23,1.0
24,1.0
25,1.0
26,1.0
27,0.9933333333333333
28,1.0
29,1.0
