command_ev_samplingTime_diff,Matching_accuracy
0,1.0
1,0.9566666666666667
2,0.8333333333333334
3,0.9833333333333333
4,0.9733333333333334
5,0.94
6,0.9366666666666666
7,0.92
8,1.0
9,1.0
10,1.0
11,0.98
12,0.8866666666666667
13,1.0
14,1.0
15,1.0
16,0.9533333333333334
17,0.9533333333333334
18,1.0
19,1.0
20,1.0
21,0.98
22,0.5733333333333334
23,0.6966666666666667
24,0.5933333333333334
25,0.54
26,0.49
27,0.48
28,1.0
29,1.0
