command_ev_samplingTime_diff,Matching_accuracy
0,0.8333333333333334
1,0.7933333333333333
2,0.6733333333333333
3,0.9866666666666667
4,0.9566666666666667
5,0.9433333333333334
6,0.9333333333333333
7,0.9333333333333333
8,1.0
9,1.0
10,1.0
11,1.0
12,1.0
13,1.0
14,1.0
15,1.0
16,1.0
17,1.0
18,1.0
19,1.0
20,1.0
21,1.0
22,0.9933333333333333
23,1.0
24,1.0
25,1.0
26,1.0
27,1.0
28,1.0
29,1.0
