command_ev_samplingTime_diff,Matching_accuracy
0,1.0
1,0.9933333333333333
2,0.9866666666666667
3,1.0
4,1.0
5,1.0
6,1.0
7,1.0
8,1.0
9,1.0
10,0.6766666666666666
11,0.22666666666666666
12,0.15333333333333332
13,0.24333333333333335
14,0.22333333333333333
15,0.23666666666666666
16,0.21666666666666667
17,0.21
18,0.9433333333333334
19,0.91
20,0.4266666666666667
21,0.20333333333333334
22,0.11333333333333333
23,0.3333333333333333
24,0.27666666666666667
25,0.23333333333333334
26,0.23333333333333334
27,0.23666666666666666
28,0.9733333333333334
29,0.9166666666666666
