command_ev_samplingTime_diff,Matching_accuracy
0,0.7033333333333334
1,0.3466666666666667
2,0.19
3,0.25666666666666665
4,0.2633333333333333
5,0.24666666666666667
6,0.24
7,0.24333333333333335
8,0.9466666666666667
9,0.8666666666666667
10,0.79
11,0.7
12,0.6333333333333333
13,0.98
14,0.9466666666666667
15,0.92
16,0.9
17,0.8266666666666667
18,0.9933333333333333
19,0.9866666666666667
20,0.10333333333333333
21,0.03
22,0.013333333333333334
23,0.03
24,0.02
25,0.023333333333333334
26,0.02
27,0.02
28,0.45666666666666667
29,0.30333333333333334
