command_ev_samplingTime_diff,Matching_accuracy
0,0.25
1,0.07666666666666666
2,0.04
3,0.18
4,0.17
5,0.18333333333333332
6,0.17
7,0.17333333333333334
8,0.94
9,0.8533333333333334
10,0.8433333333333334
11,0.73
12,0.6166666666666667
13,0.9866666666666667
14,0.9366666666666666
15,0.7033333333333334
16,0.3466666666666667
17,0.2
18,0.37
19,0.29
20,0.27666666666666667
21,0.28
22,0.2733333333333333
23,0.97
24,0.93
25,0.8566666666666667
26,0.7533333333333333
27,0.7066666666666667
28,0.98
29,0.9466666666666667
