command_ev_samplingTime_diff,Matching_accuracy
0,1.0
1,1.0
2,0.7966666666666666
3,1.0
4,0.9366666666666666
5,0.8866666666666667
6,0.7366666666666667
7,0.67
8,1.0
9,1.0
10,1.0
11,1.0
12,1.0
13,1.0
14,1.0
15,1.0
16,1.0
17,1.0
18,1.0
19,1.0
20,1.0
21,1.0
22,1.0
23,1.0
24,1.0
25,1.0
26,1.0
27,1.0
28,1.0
29,1.0
