command_ev_samplingTime_diff,Matching_accuracy
0,0.8866666666666667
1,0.8433333333333334
2,0.76
3,1.0
4,1.0
5,1.0
6,1.0
7,1.0
8,1.0
9,1.0
10,1.0
11,0.9933333333333333
12,0.8766666666666667
13,0.8433333333333334
14,0.7733333333333333
15,0.5666666666666667
16,0.35
17,0.25666666666666665
18,0.8166666666666667
19,0.73
20,0.4866666666666667
21,0.2
22,0.14333333333333334
23,0.9033333333333333
24,0.7566666666666667
25,0.5166666666666667
26,0.35
27,0.18
28,0.9166666666666666
29,0.9
