command_ev_samplingTime_diff,Matching_accuracy
0,0.07666666666666666
1,0.07
2,0.06333333333333334
3,0.45666666666666667
4,0.36333333333333334
5,0.2866666666666667
6,0.25333333333333335
7,0.25
8,0.7333333333333333
9,0.6466666666666666
10,0.21333333333333335
11,0.11333333333333333
12,0.03333333333333333
13,0.07666666666666666
14,0.05
15,0.043333333333333335
16,0.05
17,0.04666666666666667
18,0.5933333333333334
19,0.52
20,0.17333333333333334
21,0.06666666666666667
22,0.04666666666666667
23,0.09666666666666666
24,0.09
25,0.07666666666666666
26,0.08666666666666667
27,0.09
28,0.5966666666666667
29,0.49
