command_ev_samplingTime_diff,Matching_accuracy
0,0.15333333333333332
1,0.03333333333333333
2,0.0033333333333333335
3,0.02666666666666667
4,0.03666666666666667
5,0.03
6,0.043333333333333335
7,0.03333333333333333
8,0.37666666666666665
9,0.2733333333333333
10,0.22333333333333333
11,0.2
12,0.15666666666666668
13,0.6333333333333333
14,0.49333333333333335
15,0.4266666666666667
16,0.38666666666666666
17,0.3466666666666667
18,0.87
19,0.8466666666666667
20,0.8466666666666667
21,0.8466666666666667
22,0.8466666666666667
23,0.9933333333333333
24,0.9933333333333333
25,0.9933333333333333
26,0.9933333333333333
27,0.9933333333333333
28,0.9933333333333333
29,0.9933333333333333
