command_ev_samplingTime_diff,Matching_accuracy
0,0.96
1,0.25666666666666665
2,0.06333333333333334
3,0.04666666666666667
4,0.016666666666666666
5,0.016666666666666666
6,0.013333333333333334
7,0.01
8,0.8466666666666667
9,0.6466666666666666
10,0.4666666666666667
11,0.3933333333333333
12,0.29333333333333333
13,0.9866666666666667
14,0.9733333333333334
15,0.9666666666666667
16,0.89
17,0.7566666666666667
18,1.0
19,1.0
20,1.0
21,1.0
22,1.0
23,1.0
24,1.0
25,1.0
26,1.0
27,1.0
28,1.0
29,1.0
