command_ev_samplingTime_diff,Matching_accuracy
0,1.0
1,1.0
2,1.0
3,1.0
4,1.0
5,1.0
6,1.0
7,1.0
8,1.0
9,1.0
10,1.0
11,0.9933333333333333
12,0.8966666666666666
13,1.0
14,0.8733333333333333
15,0.8266666666666667
16,0.79
17,0.7166666666666667
18,1.0
19,1.0
20,1.0
21,1.0
22,0.9933333333333333
23,1.0
24,1.0
25,1.0
26,1.0
27,1.0
28,1.0
29,1.0
